{
  "generatedAt": "2026-03-03T14:42:15.617Z",
  "aggregation": "median_of_3_runs",
  "sourceRuns": [
    "docs/latency-baseline.round8.run1.json",
    "docs/latency-baseline.round8.run2.json",
    "docs/latency-baseline.round8.run3.json"
  ],
  "scenarios": [
    {
      "name": "text-small",
      "warmup": 10,
      "iterations": 60,
      "payloadBytes": {
        "prompt": 128,
        "streamChunk": 256
      },
      "metrics": {
        "appEncodeMs": {
          "count": 60,
          "min": 0.022699999999986176,
          "max": 0.14449999999999363,
          "mean": 0.037641666666661425,
          "p50": 0.033799999999985175,
          "p90": 0.04706999999997379,
          "p95": 0.059554999999960494,
          "p99": 0.09594300000004154
        },
        "agentDecryptMs": {
          "count": 60,
          "min": 0.017500000000040927,
          "max": 0.08650000000000091,
          "mean": 0.03258666666665893,
          "p50": 0.029400000000066484,
          "p90": 0.04386000000002924,
          "p95": 0.049575000000038456,
          "p99": 0.08130799999996267
        },
        "agentEncodeChunkMs": {
          "count": 60,
          "min": 0.023800000000051114,
          "max": 0.15480000000002292,
          "mean": 0.04173166666667498,
          "p50": 0.036200000000008004,
          "p90": 0.05767000000000735,
          "p95": 0.07241999999990299,
          "p99": 0.11981300000001832
        },
        "appDecryptChunkMs": {
          "count": 60,
          "min": 0.019099999999980355,
          "max": 0.07749999999998636,
          "mean": 0.03641333333332568,
          "p50": 0.032700000000033924,
          "p90": 0.05526000000007799,
          "p95": 0.06532499999997868,
          "p99": 0.07307499999995681
        },
        "sendToRelayMs": {
          "count": 60,
          "min": -0.851806640625,
          "max": 0.158447265625,
          "mean": -0.30531412760416665,
          "p50": -0.2982177734375,
          "p90": 0.10041503906250003,
          "p95": 0.14461669921874998,
          "p99": 0.15542236328124998
        },
        "relayToAgentMs": {
          "count": 60,
          "min": -0.0849609375,
          "max": 0.9072265625,
          "mean": 0.37850341796875,
          "p50": 0.391845703125,
          "p90": 0.7749023437500002,
          "p95": 0.89658203125,
          "p99": 0.906650390625
        },
        "sendToAgentMs": {
          "count": 60,
          "min": 0.050299999999992906,
          "max": 0.24230000000000018,
          "mean": 0.08287000000000072,
          "p50": 0.07500000000004547,
          "p90": 0.11094000000001643,
          "p95": 0.12525999999999723,
          "p99": 0.19519300000001383
        },
        "sendToAckMs": {
          "count": 60,
          "min": 0.1492000000000644,
          "max": 0.494199999999978,
          "mean": 0.26713166666666555,
          "p50": 0.24824999999998454,
          "p90": 0.3472399999999425,
          "p95": 0.36923000000005,
          "p99": 0.45756099999998556
        },
        "sendToFirstChunkMs": {
          "count": 60,
          "min": 0.17380000000002838,
          "max": 0.613700000000108,
          "mean": 0.2984866666666638,
          "p50": 0.2729999999999677,
          "p90": 0.3794199999999819,
          "p95": 0.42032000000006614,
          "p99": 0.5362860000000023
        },
        "agentChunkToAppMs": {
          "count": 60,
          "min": -0.71240234375,
          "max": 0.2880859375,
          "mean": -0.20077718098958333,
          "p50": -0.1861572265625,
          "p90": 0.17565917968750003,
          "p95": 0.2537353515625,
          "p99": 0.28085449218749997
        },
        "sendToEndMs": {
          "count": 60,
          "min": 0.19280000000003383,
          "max": 0.6774000000000342,
          "mean": 0.33788166666666747,
          "p50": 0.3026999999999589,
          "p90": 0.42802999999996705,
          "p95": 0.47091499999996234,
          "p99": 0.6418359999999914
        }
      }
    },
    {
      "name": "text-large",
      "warmup": 10,
      "iterations": 60,
      "payloadBytes": {
        "prompt": 256,
        "streamChunk": 8192
      },
      "metrics": {
        "appEncodeMs": {
          "count": 60,
          "min": 0.022399999999947795,
          "max": 0.08420000000000982,
          "mean": 0.035776666666661565,
          "p50": 0.026499999999998636,
          "p90": 0.040159999999968936,
          "p95": 0.04585499999997175,
          "p99": 0.0797159999999951
        },
        "agentDecryptMs": {
          "count": 60,
          "min": 0.020699999999919783,
          "max": 0.06340000000000146,
          "mean": 0.026731666666663993,
          "p50": 0.022999999999967713,
          "p90": 0.03478000000008024,
          "p95": 0.041290000000003595,
          "p99": 0.05413700000004605
        },
        "agentEncodeChunkMs": {
          "count": 60,
          "min": 0.033299999999940155,
          "max": 0.18719999999996162,
          "mean": 0.056153333333332965,
          "p50": 0.0443000000000211,
          "p90": 0.056339999999966035,
          "p95": 0.07089000000009367,
          "p99": 0.15982399999999172
        },
        "appDecryptChunkMs": {
          "count": 60,
          "min": 0.030799999999999272,
          "max": 0.12569999999993797,
          "mean": 0.04801499999999995,
          "p50": 0.0433999999999628,
          "p90": 0.06403999999997724,
          "p95": 0.07271000000005187,
          "p99": 0.10050699999995671
        },
        "sendToRelayMs": {
          "count": 60,
          "min": -0.824462890625,
          "max": 0.154296875,
          "mean": -0.30155843098958335,
          "p50": -0.2989501953125,
          "p90": 0.082421875,
          "p95": 0.09916992187499998,
          "p99": 0.1365795898437499
        },
        "relayToAgentMs": {
          "count": 60,
          "min": -0.05029296875,
          "max": 0.927978515625,
          "mean": 0.3933186848958333,
          "p50": 0.3890380859375,
          "p90": 0.8081298828125,
          "p95": 0.8291259765624999,
          "p99": 0.9023388671874999
        },
        "sendToAgentMs": {
          "count": 60,
          "min": 0.045600000000035834,
          "max": 0.16250000000002274,
          "mean": 0.09173666666666426,
          "p50": 0.07700000000005502,
          "p90": 0.11640999999999621,
          "p95": 0.14696499999996035,
          "p99": 0.16014000000001147
        },
        "sendToAckMs": {
          "count": 60,
          "min": 0.15789999999992688,
          "max": 13.597100000000069,
          "mean": 0.4853550000000117,
          "p50": 0.2506000000000199,
          "p90": 0.344829999999979,
          "p95": 0.39788500000003063,
          "p99": 6.015481999999974
        },
        "sendToFirstChunkMs": {
          "count": 60,
          "min": 0.20289999999999964,
          "max": 13.664300000000026,
          "mean": 0.874339999999997,
          "p50": 0.3114499999999225,
          "p90": 0.5882799999999293,
          "p95": 2.041659999999933,
          "p99": 10.84374599999998
        },
        "agentChunkToAppMs": {
          "count": 60,
          "min": -0.707763671875,
          "max": 12.843505859375,
          "mean": 0.3528238932291667,
          "p50": -0.1353759765625,
          "p90": 0.38701171875,
          "p95": 1.5455322265624818,
          "p99": 9.133977050781246
        },
        "sendToEndMs": {
          "count": 60,
          "min": 0.23249999999995907,
          "max": 17.655700000000024,
          "mean": 0.9104283333333323,
          "p50": 0.34880000000003974,
          "p90": 0.6632199999999216,
          "p95": 2.0744399999999583,
          "p99": 12.876877000000006
        }
      }
    },
    {
      "name": "binary-small",
      "warmup": 10,
      "iterations": 60,
      "payloadBytes": {
        "ptyInput": 128,
        "ptyOutput": 256
      },
      "metrics": {
        "appEncodeMs": {
          "count": 60,
          "min": 0.021699999999896136,