{
  "generatedAt": "2026-03-03T14:45:20.798Z",
  "aggregation": "median_of_3_runs",
  "sourceRuns": [
    "docs/latency-baseline.round9.run1.json",
    "docs/latency-baseline.round9.run2.json",
    "docs/latency-baseline.round9.run3.json"
  ],
  "scenarios": [
    {
      "name": "text-small",
      "warmup": 10,
      "iterations": 60,
      "payloadBytes": {
        "prompt": 128,
        "streamChunk": 256
      },
      "metrics": {
        "appEncodeMs": {
          "count": 60,
          "min": 0.022699999999986176,
          "max": 0.18440000000009604,
          "mean": 0.03763333333332829,
          "p50": 0.03555000000005748,
          "p90": 0.048430000000013254,
          "p95": 0.054665000000017006,
          "p99": 0.10770000000003122
        },
        "agentDecryptMs": {
          "count": 60,
          "min": 0.020599999999944885,
          "max": 0.049100000000009913,
          "mean": 0.031753333333331094,
          "p50": 0.030300000000011096,
          "p90": 0.04372999999999934,
          "p95": 0.04680499999996357,
          "p99": 0.04846400000004564
        },
        "agentEncodeChunkMs": {
          "count": 60,
          "min": 0.021400000000028285,
          "max": 0.15619999999989886,
          "mean": 0.04003333333333027,
          "p50": 0.03690000000003124,
          "p90": 0.04980000000000473,
          "p95": 0.05269999999998447,
          "p99": 0.15578699999993545
        },
        "appDecryptChunkMs": {
          "count": 60,
          "min": 0.019600000000025375,
          "max": 0.12770000000000437,
          "mean": 0.03702833333333899,
          "p50": 0.03234999999997967,
          "p90": 0.06022000000003232,
          "p95": 0.06381499999999952,
          "p99": 0.09353899999999365
        },
        "sendToRelayMs": {
          "count": 60,
          "min": -0.437744140625,
          "max": 0.531005859375,
          "mean": 0.0029988606770833333,
          "p50": 0.0347900390625,
          "p90": 0.37097167968750006,
          "p95": 0.41907958984375,
          "p99": 0.48318359374999975
        },
        "relayToAgentMs": {
          "count": 60,
          "min": -0.385986328125,
          "max": 0.537353515625,
          "mean": 0.08917643229166666,
          "p50": 0.101806640625,
          "p90": 0.44196777343750004,
          "p95": 0.46192626953124993,
          "p99": 0.52741455078125
        },
        "sendToAgentMs": {
          "count": 60,
          "min": 0.0443000000000211,
          "max": 0.13220000000001164,
          "mean": 0.07694333333333911,
          "p50": 0.07515000000000782,
          "p90": 0.11095000000000822,
          "p95": 0.11821000000000197,
          "p99": 0.12860100000000954
        },
        "sendToAckMs": {
          "count": 60,
          "min": 0.1513999999999669,
          "max": 0.35820000000001073,
          "mean": 0.2364550000000037,
          "p50": 0.231049999999982,
          "p90": 0.3279899999999998,
          "p95": 0.3313750000000226,
          "p99": 0.35300800000000604
        },
        "sendToFirstChunkMs": {
          "count": 60,
          "min": 0.1734000000000151,
          "max": 0.4308000000000334,
          "mean": 0.26981500000000364,
          "p50": 0.2603000000000293,
          "p90": 0.3611800000000244,
          "p95": 0.37471500000001756,
          "p99": 0.40017900000000606
        },
        "agentChunkToAppMs": {
          "count": 60,
          "min": -0.47412109375,
          "max": 0.892333984375,
          "mean": 0.1239013671875,
          "p50": 0.11767578125,
          "p90": 0.48774414062500004,
          "p95": 0.5289428710937499,
          "p99": 0.8855639648437499
        },
        "sendToEndMs": {
          "count": 60,
          "min": 0.19060000000001764,
          "max": 0.5117000000000189,
          "mean": 0.3098366666666673,
          "p50": 0.29974999999996044,
          "p90": 0.4141799999999819,
          "p95": 0.4328350000000084,
          "p99": 0.5005490000000008
        }
      }
    },
    {
      "name": "text-large",
      "warmup": 10,
      "iterations": 60,
      "payloadBytes": {
        "prompt": 256,
        "streamChunk": 8192
      },
      "metrics": {
        "appEncodeMs": {
          "count": 60,
          "min": 0.02189999999995962,
          "max": 0.07529999999997017,
          "mean": 0.032193333333333386,
          "p50": 0.03140000000001919,
          "p90": 0.04453999999997223,
          "p95": 0.048809999999923546,
          "p99": 0.06297999999998977
        },
        "agentDecryptMs": {
          "count": 60,
          "min": 0.020899999999983265,
          "max": 0.10019999999997253,
          "mean": 0.03242833333332176,
          "p50": 0.026850000000024465,
          "p90": 0.038909999999930285,
          "p95": 0.04056499999995822,
          "p99": 0.07665899999997905
        },
        "agentEncodeChunkMs": {
          "count": 60,
          "min": 0.034700000000043474,
          "max": 0.1791000000000622,
          "mean": 0.0536600000000116,
          "p50": 0.04779999999999518,
          "p90": 0.06983000000003586,
          "p95": 0.08292499999997172,
          "p99": 0.1422839999999801
        },
        "appDecryptChunkMs": {
          "count": 60,
          "min": 0.029200000000059845,
          "max": 0.13969999999994798,
          "mean": 0.054783333333320645,
          "p50": 0.044749999999964984,
          "p90": 0.065979999999945,
          "p95": 0.08785500000005296,
          "p99": 0.13462899999998737
        },
        "sendToRelayMs": {
          "count": 60,
          "min": -0.4951171875,
          "max": 0.717041015625,
          "mean": 0.00484619140625,
          "p50": 0.00244140625,
          "p90": 0.412841796875,
          "p95": 0.42832031249999997,
          "p99": 0.6839111328124998
        },
        "relayToAgentMs": {
          "count": 60,
          "min": -0.406982421875,
          "max": 0.593017578125,
          "mean": 0.07919921875,
          "p50": 0.07275390625,
          "p90": 0.49321289062500007,
          "p95": 0.55662841796875,
          "p99": 0.5859594726562499
        },
        "sendToAgentMs": {
          "count": 60,
          "min": 0.04610000000002401,
          "max": 0.23419999999998709,
          "mean": 0.08399833333333694,
          "p50": 0.06830000000002201,
          "p90": 0.10448000000004645,
          "p95": 0.13438500000005993,
          "p99": 0.1920740000000305
        },
        "sendToAckMs": {
          "count": 60,
          "min": 0.1531999999999698,
          "max": 14.63779999999997,
          "mean": 0.7062883333333237,
          "p50": 0.2317499999999768,
          "p90": 0.3830899999999815,
          "p95": 0.7833999999999852,
          "p99": 10.559247999999977
        },
        "sendToFirstChunkMs": {
          "count": 60,
          "min": 0.19600000000002638,
          "max": 14.697200000000066,
          "mean": 0.7587983333333341,
          "p50": 0.29789999999991323,
          "p90": 0.45541999999999233,
          "p95": 0.8225449999999419,
          "p99": 10.618353000000013
        },
        "agentChunkToAppMs": {
          "count": 60,
          "min": -0.400146484375,
          "max": 14.01416015625,
          "mean": 0.41610921223958336,
          "p50": 0.1368408203125,
          "p90": 0.521435546875,
          "p95": 0.778723144531231,
          "p99": 9.973322753906228
        },
        "sendToEndMs": {
          "count": 60,
          "min": 0.2257000000000744,
          "max": 14.772600000000011,
          "mean": 0.8127883333333235,
          "p50": 0.33064999999999145,
          "p90": 0.5267500000000496,
          "p95": 1.7501249999999107,
          "p99": 10.685905999999983
        }
      }
    },
    {
      "name": "binary-small",
      "warmup": 10,
      "iterations": 60,
      "payloadBytes": {
        "ptyInput": 128,
        "ptyOutput": 256
      },
      "metrics": {
        "appEncodeMs": {
          "count": 60,
          "min": 0.023199999999974352,