{
  "generatedAt": "2026-03-03T14:48:12.762Z",
  "aggregation": "median_of_3_runs",
  "sourceRuns": [
    "docs/latency-baseline.round10.run1.json",
    "docs/latency-baseline.round10.run2.json",
    "docs/latency-baseline.round10.run3.json"
  ],
  "scenarios": [
    {
      "name": "text-small",
      "warmup": 10,
      "iterations": 60,
      "payloadBytes": {
        "prompt": 128,
        "streamChunk": 256
      },
      "metrics": {
        "appEncodeMs": {
          "count": 60,
          "min": 0.01859999999999218,
          "max": 0.10469999999997981,
          "mean": 0.037328333333332846,
          "p50": 0.03520000000003165,
          "p90": 0.048660000000006684,
          "p95": 0.05564499999996996,
          "p99": 0.07466900000000562
        },
        "agentDecryptMs": {
          "count": 60,
          "min": 0.020699999999919783,
          "max": 0.08770000000004075,
          "mean": 0.03167000000000257,
          "p50": 0.030050000000017008,
          "p90": 0.038370000000008994,
          "p95": 0.04285999999994487,
          "p99": 0.07212399999999311
        },
        "agentEncodeChunkMs": {
          "count": 60,
          "min": 0.022699999999986176,
          "max": 0.10829999999998563,
          "mean": 0.040294999999996625,
          "p50": 0.03645000000000209,
          "p90": 0.052699999999992996,
          "p95": 0.05908500000001878,
          "p99": 0.0905999999999681
        },
        "appDecryptChunkMs": {
          "count": 60,
          "min": 0.019900000000006912,
          "max": 0.17790000000002237,
          "mean": 0.03758833333333579,
          "p50": 0.03310000000001878,
          "p90": 0.052939999999966854,
          "p95": 0.05744499999997572,
          "p99": 0.10987299999999398
        },
        "sendToRelayMs": {
          "count": 60,
          "min": -0.44775390625,
          "max": 0.491455078125,
          "mean": 0.04206136067708333,
          "p50": 0.04345703125,
          "p90": 0.432958984375,
          "p95": 0.45020751953125,
          "p99": 0.48886230468749997
        },
        "relayToAgentMs": {
          "count": 60,
          "min": -0.446044921875,
          "max": 0.50439453125,
          "mean": 0.032450358072916664,
          "p50": 0.03369140625,
          "p90": 0.4054443359375,
          "p95": 0.46604003906249997,
          "p99": 0.49359130859374994
        },
        "sendToAgentMs": {
          "count": 60,
          "min": 0.04480000000000928,
          "max": 0.19729999999998427,
          "mean": 0.07461833333332682,
          "p50": 0.068649999999991,
          "p90": 0.10369999999994661,
          "p95": 0.10830000000001404,
          "p99": 0.14856600000000952
        },
        "sendToAckMs": {
          "count": 60,
          "min": 0.14639999999997144,
          "max": 0.43130000000002156,
          "mean": 0.23629166666667062,
          "p50": 0.22564999999997326,
          "p90": 0.30177999999998517,
          "p95": 0.3314899999999681,
          "p99": 0.3937879999999687
        },
        "sendToFirstChunkMs": {
          "count": 60,
          "min": 0.17029999999999745,
          "max": 0.6123999999999796,
          "mean": 0.26813666666666525,
          "p50": 0.2518000000000029,
          "p90": 0.3428100000000086,
          "p95": 0.38262499999989924,
          "p99": 0.4889719999999731
        },
        "agentChunkToAppMs": {
          "count": 60,
          "min": -0.268310546875,
          "max": 0.686767578125,
          "mean": 0.20062662760416666,
          "p50": 0.198974609375,
          "p90": 0.55390625,
          "p95": 0.61337890625,
          "p99": 0.6647290039062499
        },
        "sendToEndMs": {
          "count": 60,
          "min": 0.18809999999996307,
          "max": 0.7455999999999676,
          "mean": 0.32223333333333815,
          "p50": 0.3032999999999788,
          "p90": 0.41201000000000365,
          "p95": 0.46879000000005816,
          "p99": 0.6558220000000073
        }
      }
    },
    {
      "name": "text-large",
      "warmup": 10,
      "iterations": 60,
      "payloadBytes": {
        "prompt": 256,
        "streamChunk": 8192
      },
      "metrics": {
        "appEncodeMs": {
          "count": 60,
          "min": 0.02259999999989759,
          "max": 0.07439999999996871,
          "mean": 0.03236333333332482,
          "p50": 0.028700000000014825,
          "p90": 0.0415399999999977,
          "p95": 0.05006000000000198,
          "p99": 0.06484200000002029
        },
        "agentDecryptMs": {
          "count": 60,
          "min": 0.02039999999999509,
          "max": 0.17440000000010514,
          "mean": 0.03004333333332738,
          "p50": 0.025149999999996453,
          "p90": 0.03732999999998583,
          "p95": 0.04043999999990998,
          "p99": 0.10076800000000802
        },
        "agentEncodeChunkMs": {
          "count": 60,
          "min": 0.03669999999999618,
          "max": 0.2600999999999658,
          "mean": 0.05626500000000002,
          "p50": 0.04955000000001064,
          "p90": 0.06332000000002154,
          "p95": 0.08406000000006762,
          "p99": 0.21142499999997627
        },
        "appDecryptChunkMs": {
          "count": 60,
          "min": 0.02949999999998454,
          "max": 0.1250999999999749,
          "mean": 0.04607333333332804,
          "p50": 0.04509999999993397,
          "p90": 0.057309999999961295,
          "p95": 0.07340999999999553,
          "p99": 0.10055600000003195
        },
        "sendToRelayMs": {
          "count": 60,
          "min": -0.4638671875,
          "max": 0.494140625,
          "mean": 0.013521321614583333,
          "p50": 0.02734375,
          "p90": 0.41369628906250006,
          "p95": 0.46536865234375,
          "p99": 0.48578613281249994
        },
        "relayToAgentMs": {
          "count": 60,
          "min": -0.41015625,
          "max": 0.535400390625,
          "mean": 0.060009765625,
          "p50": 0.0439453125,
          "p90": 0.44082031250000003,
          "p95": 0.5120971679687499,
          "p99": 0.52978271484375
        },
        "sendToAgentMs": {
          "count": 60,
          "min": 0.04510000000004766,
          "max": 0.14160000000003947,
          "mean": 0.06974666666666848,
          "p50": 0.06039999999995871,
          "p90": 0.09616000000000896,
          "p95": 0.11027499999999009,
          "p99": 0.13792999999998984
        },
        "sendToAckMs": {
          "count": 60,
          "min": 0.1550000000000864,
          "max": 11.380499999999984,
          "mean": 0.4478766666666653,
          "p50": 0.2277499999999577,
          "p90": 0.3108200000000011,
          "p95": 0.4443000000000097,
          "p99": 5.845060999999998
        },
        "sendToFirstChunkMs": {
          "count": 60,
          "min": 0.1915000000000191,
          "max": 14.699799999999982,
          "mean": 0.6533099999999953,
          "p50": 0.27899999999999636,
          "p90": 0.36977000000003957,
          "p95": 0.7649299999999561,
          "p99": 10.605553999999971
        },
        "agentChunkToAppMs": {
          "count": 60,
          "min": -0.276123046875,
          "max": 15.02490234375,
          "mean": 0.6342000325520833,
          "p50": 0.2510986328125,
          "p90": 0.657080078125,
          "p95": 0.7774414062499999,
          "p99": 10.834260253906226
        },
        "sendToEndMs": {
          "count": 60,
          "min": 0.2196999999999889,
          "max": 14.761000000000081,
          "mean": 0.6895716666666639,
          "p50": 0.31715000000002647,
          "p90": 0.49985999999993297,
          "p95": 2.169520000000052,
          "p99": 10.672595000000014
        }
      }
    },
    {
      "name": "binary-small",
      "warmup": 10,
      "iterations": 60,
      "payloadBytes": {
        "ptyInput": 128,
        "ptyOutput": 256
      },
      "metrics": {
        "appEncodeMs": {
          "count": 60,
          "min": 0.021100000000046748,