{
  "generatedAt": "2026-03-03T14:38:09.537Z",
  "aggregation": "median_of_3_runs",
  "sourceRuns": [
    "docs/latency-baseline.round7.run1.json",
    "docs/latency-baseline.round7.run2.json",
    "docs/latency-baseline.round7.run3.json"
  ],
  "scenarios": [
    {
      "name": "text-small",
      "warmup": 10,
      "iterations": 60,
      "payloadBytes": {
        "prompt": 128,
        "streamChunk": 256
      },
      "metrics": {
        "appEncodeMs": {
          "count": 60,
          "min": 0.02500000000009095,
          "max": 0.11029999999999518,
          "mean": 0.03987666666666977,
          "p50": 0.03575000000006412,
          "p90": 0.05779999999998609,
          "p95": 0.06548999999995714,
          "p99": 0.08221600000000179
        },
        "agentDecryptMs": {
          "count": 60,
          "min": 0.020999999999958163,
          "max": 0.09309999999999263,
          "mean": 0.03319666666666402,
          "p50": 0.030650000000008504,
          "p90": 0.04311999999999898,
          "p95": 0.05025499999998714,
          "p99": 0.0772390000000574
        },
        "agentEncodeChunkMs": {
          "count": 60,
          "min": 0.020599999999944885,
          "max": 0.18900000000002137,
          "mean": 0.04411499999999838,
          "p50": 0.0392500000000382,
          "p90": 0.055350000000026975,
          "p95": 0.062054999999975255,
          "p99": 0.13951300000002853
        },
        "appDecryptChunkMs": {
          "count": 60,
          "min": 0.019400000000018736,
          "max": 0.15299999999996317,
          "mean": 0.04419666666666444,
          "p50": 0.033799999999985175,
          "p90": 0.06680999999998677,
          "p95": 0.11602999999994948,
          "p99": 0.1357719999999613
        },
        "sendToRelayMs": {
          "count": 60,
          "min": -0.169921875,
          "max": 0.957275390625,
          "mean": 0.32279052734375,
          "p50": 0.271728515625,
          "p90": 0.7080566406250001,
          "p95": 0.75482177734375,
          "p99": 0.8502514648437494
        },
        "relayToAgentMs": {
          "count": 60,
          "min": -0.747802734375,
          "max": 0.45849609375,
          "mean": -0.2319580078125,
          "p50": -0.2041015625,
          "p90": 0.15417480468750003,
          "p95": 0.22491455078125,
          "p99": 0.3317626953124992
        },
        "sendToAgentMs": {
          "count": 60,
          "min": 0.04629999999997381,
          "max": 0.5218999999999596,
          "mean": 0.09072999999999733,
          "p50": 0.07825000000002547,
          "p90": 0.11600000000000818,
          "p95": 0.1387349999999827,
          "p99": 0.3375839999999773
        },
        "sendToAckMs": {
          "count": 60,
          "min": 0.16440000000000055,
          "max": 0.717200000000048,
          "mean": 0.27093166666666285,
          "p50": 0.245900000000006,
          "p90": 0.3557100000000333,
          "p95": 0.41576499999997324,
          "p99": 0.5261580000000101
        },
        "sendToFirstChunkMs": {
          "count": 60,
          "min": 0.18680000000006203,
          "max": 1.8034000000000106,
          "mean": 0.3242333333333335,
          "p50": 0.2859500000000139,
          "p90": 0.4110500000000513,
          "p95": 0.4544250000000146,
          "p99": 1.2266439999999776
        },
        "agentChunkToAppMs": {
          "count": 60,
          "min": -0.18359375,
          "max": 1.31640625,
          "mean": 0.3426310221354167,
          "p50": 0.334228515625,
          "p90": 0.74716796875,
          "p95": 0.7945190429687499,
          "p99": 1.0699487304687487
        },
        "sendToEndMs": {
          "count": 60,
          "min": 0.2033999999999878,
          "max": 2.246900000000039,
          "mean": 0.3665766666666627,
          "p50": 0.3157000000000494,
          "p90": 0.48738000000004156,
          "p95": 0.5265799999999838,
          "p99": 1.2611439999999912
        }
      }
    },
    {
      "name": "text-large",
      "warmup": 10,
      "iterations": 60,
      "payloadBytes": {
        "prompt": 256,
        "streamChunk": 8192
      },
      "metrics": {
        "appEncodeMs": {
          "count": 60,
          "min": 0.023400000000037835,
          "max": 0.05249999999989541,
          "mean": 0.030656666666669708,
          "p50": 0.02965000000000373,
          "p90": 0.03923000000004322,
          "p95": 0.043514999999996466,
          "p99": 0.04986600000004045
        },
        "agentDecryptMs": {
          "count": 60,
          "min": 0.021100000000046748,
          "max": 0.06470000000001619,
          "mean": 0.02818666666667203,
          "p50": 0.02615000000002965,
          "p90": 0.03593999999999369,
          "p95": 0.038955000000021264,
          "p99": 0.05455200000001463
        },
        "agentEncodeChunkMs": {
          "count": 60,
          "min": 0.03429999999991651,
          "max": 0.13969999999994798,
          "mean": 0.05241666666666447,
          "p50": 0.04775000000000773,
          "p90": 0.0639699999999948,
          "p95": 0.074599999999981,
          "p99": 0.11002299999995199
        },
        "appDecryptChunkMs": {
          "count": 60,
          "min": 0.02940000000000964,
          "max": 0.10910000000001219,
          "mean": 0.04876333333333681,
          "p50": 0.04240000000004329,
          "p90": 0.06411000000007334,
          "p95": 0.07081999999999196,
          "p99": 0.10078100000002105
        },
        "sendToRelayMs": {
          "count": 60,
          "min": -0.16455078125,
          "max": 7.728271484375,
          "mean": 0.352099609375,
          "p50": 0.3175048828125,
          "p90": 0.7137695312500001,
          "p95": 0.78543701171875,
          "p99": 3.6623706054687264
        },
        "relayToAgentMs": {
          "count": 60,
          "min": -0.75537109375,
          "max": 0.240234375,
          "mean": -0.24438883463541666,
          "p50": -0.25634765625,
          "p90": 0.12812500000000007,
          "p95": 0.18238525390625,
          "p99": 0.21214599609374984
        },
        "sendToAgentMs": {
          "count": 60,
          "min": 0.044100000000071304,
          "max": 7.797699999999963,
          "mean": 0.19648333333332554,
          "p50": 0.06204999999999927,
          "p90": 0.09054000000006682,
          "p95": 0.11758999999999553,
          "p99": 3.3351169999999812
        },
        "sendToAckMs": {
          "count": 60,
          "min": 0.15579999999999927,
          "max": 15.552799999999934,
          "mean": 0.6541383333333253,
          "p50": 0.21589999999997644,
          "p90": 0.3102599999999825,
          "p95": 0.5952050000000637,
          "p99": 10.909720999999983
        },
        "sendToFirstChunkMs": {
          "count": 60,
          "min": 0.19630000000006476,
          "max": 15.589799999999968,
          "mean": 0.8999499999999993,
          "p50": 0.2656499999999937,
          "p90": 0.3981800000000137,
          "p95": 7.322790000000002,
          "p99": 11.513430999999965
        },
        "agentChunkToAppMs": {
          "count": 60,
          "min": -0.20947265625,
          "max": 14.76171875,
          "mean": 0.7224365234375,
          "p50": 0.4073486328125,
          "p90": 0.7714111328125001,
          "p95": 1.174340820312482,
          "p99": 10.616018066406227
        },
        "sendToEndMs": {
          "count": 60,
          "min": 0.22540000000003602,
          "max": 15.624199999999973,
          "mean": 0.9573350000000005,
          "p50": 0.30044999999995525,
          "p90": 0.43566000000001875,
          "p95": 7.41241000000001,
          "p99": 11.561931999999985
        }
      }
    },
    {
      "name": "binary-small",
      "warmup": 10,
      "iterations": 60,
      "payloadBytes": {
        "ptyInput": 128,
        "ptyOutput": 256
      },
      "metrics": {
        "appEncodeMs": {
          "count": 60,
          "min": 0.021399999999971442,
          "max": 0.2683000000000675,