{
  "generatedAt": "2026-03-03T14:19:28.044Z",
  "aggregation": "median_of_3_runs",
  "sourceRuns": [
    "docs/latency-baseline.round6.run1.json",
    "docs/latency-baseline.round6.run2.json",
    "docs/latency-baseline.round6.run3.json"
  ],
  "scenarios": [
    {
      "name": "text-small",
      "warmup": 10,
      "iterations": 60,
      "payloadBytes": {
        "prompt": 128,
        "streamChunk": 256
      },
      "metrics": {
        "appEncodeMs": {
          "count": 60,
          "min": 0.023800000000051114,
          "max": 0.17579999999998108,
          "mean": 0.04009000000000545,
          "p50": 0.033749999999969305,
          "p90": 0.050739999999979093,
          "p95": 0.05489500000001895,
          "p99": 0.12144300000000795
        },
        "agentDecryptMs": {
          "count": 60,
          "min": 0.020599999999944885,
          "max": 0.1372000000000071,
          "mean": 0.03422166666666537,
          "p50": 0.030199999999979354,
          "p90": 0.0417900000000941,
          "p95": 0.05403500000002162,
          "p99": 0.11247900000000796
        },
        "agentEncodeChunkMs": {
          "count": 60,
          "min": 0.02410000000003265,
          "max": 0.09239999999999782,
          "mean": 0.03810166666666153,
          "p50": 0.03694999999999027,
          "p90": 0.048850000000004466,
          "p95": 0.05568000000002655,
          "p99": 0.07422799999999813
        },
        "appDecryptChunkMs": {
          "count": 60,
          "min": 0.020999999999958163,
          "max": 0.17559999999997444,
          "mean": 0.039851666666669415,
          "p50": 0.03295000000002801,
          "p90": 0.05679000000002931,
          "p95": 0.07513000000001853,
          "p99": 0.1459229999999449
        },
        "sendToRelayMs": {
          "count": 60,
          "min": -0.67333984375,
          "max": 0.3369140625,
          "mean": -0.18149007161458333,
          "p50": -0.2056884765625,
          "p90": 0.1720458984375001,
          "p95": 0.26140136718749996,
          "p99": 0.3114184570312498
        },
        "relayToAgentMs": {
          "count": 60,
          "min": -0.244140625,
          "max": 0.734130859375,
          "mean": 0.26492919921875,
          "p50": 0.2611083984375,
          "p90": 0.6605712890625001,
          "p95": 0.6954711914062499,
          "p99": 0.730673828125
        },
        "sendToAgentMs": {
          "count": 60,
          "min": 0.04759999999998854,
          "max": 0.226099999999974,
          "mean": 0.08269000000000422,
          "p50": 0.06980000000001496,
          "p90": 0.10746999999997799,
          "p95": 0.12431000000000533,
          "p99": 0.20733799999998825
        },
        "sendToAckMs": {
          "count": 60,
          "min": 0.15620000000001255,
          "max": 0.515199999999993,
          "mean": 0.2625433333333291,
          "p50": 0.2296500000000492,
          "p90": 0.3361699999999928,
          "p95": 0.3729250000000518,
          "p99": 0.4515389999999754
        },
        "sendToFirstChunkMs": {
          "count": 60,
          "min": 0.1812999999999647,
          "max": 0.6476000000000113,
          "mean": 0.2954933333333268,
          "p50": 0.26994999999999436,
          "p90": 0.383379999999994,
          "p95": 0.4397099999999993,
          "p99": 0.5652360000000267
        },
        "agentChunkToAppMs": {
          "count": 60,
          "min": -0.82470703125,
          "max": 0.269775390625,
          "mean": -0.2661865234375,
          "p50": -0.26171875,
          "p90": 0.1439697265625,
          "p95": 0.17910156249999998,
          "p99": 0.22396972656249972
        },
        "sendToEndMs": {
          "count": 60,
          "min": 0.19999999999998863,
          "max": 0.7115999999999758,
          "mean": 0.35300000000000203,
          "p50": 0.30434999999997103,
          "p90": 0.4703100000000291,
          "p95": 0.5304000000000257,
          "p99": 0.6776749999999729
        }
      }
    },
    {
      "name": "text-large",
      "warmup": 10,
      "iterations": 60,
      "payloadBytes": {
        "prompt": 256,
        "streamChunk": 8192
      },
      "metrics": {
        "appEncodeMs": {
          "count": 60,
          "min": 0.024099999999975807,
          "max": 0.15409999999997126,
          "mean": 0.053531666666674485,
          "p50": 0.029899999999997817,
          "p90": 0.04740999999997939,
          "p95": 0.058490000000051605,
          "p99": 0.11769699999998673
        },
        "agentDecryptMs": {
          "count": 60,
          "min": 0.021200000000021646,
          "max": 0.04679999999996198,
          "mean": 0.026818333333330693,
          "p50": 0.024999999999977263,
          "p90": 0.033590000000003783,
          "p95": 0.03554000000000882,
          "p99": 0.044262999999928054
        },
        "agentEncodeChunkMs": {
          "count": 60,
          "min": 0.035799999999994725,
          "max": 0.11019999999996344,
          "mean": 0.04892333333333833,
          "p50": 0.046850000000006276,
          "p90": 0.060760000000050246,
          "p95": 0.06733500000003116,
          "p99": 0.0957449999999698
        },
        "appDecryptChunkMs": {
          "count": 60,
          "min": 0.030099999999947613,
          "max": 0.29769999999996344,
          "mean": 0.07179666666666738,
          "p50": 0.04419999999998936,
          "p90": 0.07981999999999517,
          "p95": 0.12250999999999401,
          "p99": 0.19332900000000275
        },
        "sendToRelayMs": {
          "count": 60,
          "min": -0.6826171875,
          "max": 1.02294921875,
          "mean": -0.184228515625,
          "p50": -0.171142578125,
          "p90": 0.20703125,
          "p95": 0.2375366210937499,
          "p99": 0.9988940429687498
        },
        "relayToAgentMs": {
          "count": 60,
          "min": -0.216064453125,
          "max": 0.734375,
          "mean": 0.2641357421875,
          "p50": 0.25927734375,
          "p90": 0.6385986328125,
          "p95": 0.6862304687499999,
          "p99": 0.7212670898437499
        },
        "sendToAgentMs": {
          "count": 60,
          "min": 0.04579999999998563,
          "max": 0.20219999999994798,
          "mean": 0.06971666666666465,
          "p50": 0.058250000000043656,
          "p90": 0.10008999999997742,
          "p95": 0.12259000000000805,
          "p99": 0.1789540000000146
        },
        "sendToAckMs": {
          "count": 60,
          "min": 0.1571999999999889,
          "max": 8.013000000000034,
          "mean": 0.45660000000000117,
          "p50": 0.2057500000000232,
          "p90": 0.30649000000005344,
          "p95": 0.3273499999998989,
          "p99": 7.404211999999992
        },
        "sendToFirstChunkMs": {
          "count": 60,
          "min": 0.20250000000010004,
          "max": 9.128500000000031,
          "mean": 0.6415433333333349,
          "p50": 0.25809999999995625,
          "p90": 0.3740799999999126,
          "p95": 0.7519450000000611,
          "p99": 8.49696399999999
        },
        "agentChunkToAppMs": {
          "count": 60,
          "min": -0.736328125,
          "max": 9.39697265625,
          "mean": 0.5985066731770833,
          "p50": -0.185302734375,
          "p90": 0.311279296875,
          "p95": 0.79576416015625,
          "p99": 8.837941894531246
        },
        "sendToEndMs": {
          "count": 60,
          "min": 0.2300000000000182,
          "max": 9.210100000000011,
          "mean": 0.7370916666666621,
          "p50": 0.2969499999999812,
          "p90": 0.4572199999999384,
          "p95": 2.6360349999999504,
          "p99": 8.567472000000006
        }
      }
    },
    {
      "name": "binary-small",
      "warmup": 10,
      "iterations": 60,
      "payloadBytes": {
        "ptyInput": 128,
        "ptyOutput": 256
      },
      "metrics": {
        "appEncodeMs": {
          "count": 60,
          "min": 0.02179999999998472,
          "max": 0.1127999999999929,