{
  "generatedAt": "2026-03-03T11:18:49.607Z",
  "prePath": "D:\\100_Projects\\110_Daily\\Yuanio\\docs\\latency-baseline.pre-opt.json",
  "postPath": "D:\\100_Projects\\110_Daily\\Yuanio\\docs\\latency-baseline.json",
  "rows": [
    {
      "scenario": "text-small",
      "metric": "sendToFirstChunkMs",
      "pre": {
        "p50": 15,
        "p95": 17.099999999999994,
        "p99": 725.74,
        "mean": 38.78333333333333,
        "max": 734,
        "count": 60
      },
      "post": {
        "p50": 15,
        "p95": 17.049999999999997,
        "p99": 749.6099999999999,
        "mean": 39.86666666666667,
        "max": 762,
        "count": 60
      },
      "delta": {
        "p50": 0,
        "p95": -0.04999999999999716,
        "p99": 23.86999999999989,
        "mean": 1.0833333333333357,
        "max": 28
      }
    },
    {
      "scenario": "text-small",
      "metric": "sendToAckMs",
      "pre": {
        "p50": 15,
        "p95": 17.099999999999994,
        "p99": 724.3299999999999,
        "mean": 38.71666666666667,
        "max": 732,
        "count": 60
      },
      "post": {
        "p50": 15,
        "p95": 17.049999999999997,
        "p99": 749.6099999999999,
        "mean": 39.86666666666667,
        "max": 762,
        "count": 60
      },
      "delta": {
        "p50": 0,
        "p95": -0.04999999999999716,
        "p99": 25.279999999999973,
        "mean": 1.1499999999999986,
        "max": 30
      }
    },
    {
      "scenario": "text-large",
      "metric": "sendToFirstChunkMs",
      "pre": {
        "p50": 15,
        "p95": 18.049999999999997,
        "p99": 725.0299999999997,
        "mean": 39.35,
        "max": 774,
        "count": 60
      },
      "post": {
        "p50": 15,
        "p95": 17.049999999999997,
        "p99": 750.3,
        "mean": 39.93333333333333,
        "max": 768,
        "count": 60
      },
      "delta": {
        "p50": 0,
        "p95": -1,
        "p99": 25.27000000000021,
        "mean": 0.5833333333333286,
        "max": -6
      }
    },
    {
      "scenario": "text-large",
      "metric": "sendToAckMs",
      "pre": {
        "p50": 15,
        "p95": 18,
        "p99": 725.0299999999997,
        "mean": 39.06666666666667,
        "max": 774,
        "count": 60
      },
      "post": {
        "p50": 15,
        "p95": 17.049999999999997,
        "p99": 749.1199999999999,
        "mean": 39.8,
        "max": 768,
        "count": 60
      },
      "delta": {
        "p50": 0,
        "p95": -0.9500000000000028,
        "p99": 24.090000000000146,
        "mean": 0.7333333333333272,
        "max": -6
      }
    },
    {
      "scenario": "text-large",
      "metric": "sendToAgentMs",
      "pre": {
        "p50": 0,
        "p95": 1,
        "p99": 710.3899999999996,
        "mean": 24.066666666666666,
        "max": 757,
        "count": 60
      },
      "post": {
        "p50": 0,
        "p95": 1.0499999999999972,
        "p99": 2,
        "mean": 0.2833333333333333,
        "max": 2,
        "count": 60
      },
      "delta": {
        "p50": 0,
        "p95": 0.04999999999999716,
        "p99": -708.3899999999996,
        "mean": -23.78333333333333,
        "max": -755
      }
    },
    {
      "scenario": "binary-large",
      "metric": "sendToEchoMs",
      "pre": {
        "p50": 0,
        "p95": 1,
        "p99": 1,
        "mean": 0.2833333333333333,
        "max": 1,
        "count": 60
      },
      "post": {
        "p50": 0,
        "p95": 1,
        "p99": 1,
        "mean": 0.21666666666666667,
        "max": 1,
        "count": 60
      },
      "delta": {
        "p50": 0,
        "p95": 0,
        "p99": 0,
        "mean": -0.06666666666666665,
        "max": 0
      }
    }
  ]
}