{
  "generatedAt": "2026-03-03T15:50:05.048Z",
  "source": {
    "codex": "docs/latency-agent-e2e.round1.median.json",
    "claude": "docs/latency-agent-e2e.claude.round1.median.json"
  },
  "rows": [
    {
      "metric": "sendToAckWorkingMs",
      "codex": {
        "p50": 0.7003000000004249,
        "p95": 4.344590000000197,
        "max": 4.768700000000081
      },
      "claude": {
        "p50": 1.2768000000000939,
        "p95": 3.3351700000001983,
        "max": 3.6096999999999753
      }
    },
    {
      "metric": "sendToFirstChunkMs",
      "codex": {
        "p50": 10128.5586,
        "p95": 13727.73001,
        "max": 13842.139799999999
      },
      "claude": {
        "p50": 16349.8292,
        "p95": 22281.17399,
        "max": 22940.2123
      }
    },
    {
      "metric": "sendToEndMs",
      "codex": {
        "p50": 11288.632499999996,
        "p95": 14589.15191,
        "max": 14704.1037
      },
      "claude": {
        "p50": 18325.8354,
        "p95": 24421.89324,
        "max": 25099.233
      }
    },
    {
      "metric": "sendToAckOkMs",
      "codex": {
        "p50": 11295.834699999996,
        "p95": 14600.662649999998,
        "max": 14716.144
      },
      "claude": {
        "p50": 18336.6943,
        "p95": 24432.136360000004,
        "max": 25109.407700000003
      }
    }
  ]
}